{"cameraMode":{"drawMode":0,"name":"Shaded","section":"Shading Mode"},"sceneLighting":false,"audioPlay":false,"sceneViewState":{"m_AlwaysRefresh":true,"showFog":true,"showSkybox":false,"showFlares":true,"showImageEffects":true,"showParticleSystems":true,"showVisualEffectGraphs":true,"m_FxEnabled":true},"in2DMode":false,"pivot":{"x":-0.12724050879478455,"y":2.5737290382385256,"z":1.9507982730865479},"rotation":{"x":0.003282484132796526,"y":0.7807704210281372,"z":0.004546798299998045,"w":-0.6248207688331604},"size":3.759251117706299,"orthographic":false}