{"cameraMode":{"drawMode":0,"name":"Shaded","section":"Shading Mode"},"sceneLighting":false,"audioPlay":false,"sceneViewState":{"m_AlwaysRefresh":true,"showFog":true,"showSkybox":false,"showFlares":true,"showImageEffects":true,"showParticleSystems":true,"showVisualEffectGraphs":true,"m_FxEnabled":true},"in2DMode":false,"pivot":{"x":-0.05616822838783264,"y":1.1442071199417115,"z":0.05124998092651367},"rotation":{"x":0.10645641386508942,"y":-0.07313045114278794,"z":0.007696059532463551,"w":0.9919949769973755},"size":1.8634670972824097,"orthographic":false}