{"cameraMode":{"drawMode":0,"name":"Shaded","section":"Shading Mode"},"sceneLighting":false,"audioPlay":false,"sceneViewState":{"m_AlwaysRefresh":true,"showFog":true,"showSkybox":false,"showFlares":true,"showImageEffects":true,"showParticleSystems":true,"showVisualEffectGraphs":true,"m_FxEnabled":true},"in2DMode":false,"pivot":{"x":0.7777127027511597,"y":0.09919454157352448,"z":0.756713330745697},"rotation":{"x":0.09509776532649994,"y":0.1561112403869629,"z":-0.015050660818815232,"w":0.9834111928939819},"size":1.09559965133667,"orthographic":false}