{"cameraMode":{"drawMode":0,"name":"Shaded","section":"Shading Mode"},"sceneLighting":false,"audioPlay":false,"sceneViewState":{"m_AlwaysRefresh":true,"showFog":true,"showSkybox":false,"showFlares":true,"showImageEffects":true,"showParticleSystems":true,"showVisualEffectGraphs":true,"m_FxEnabled":true},"in2DMode":false,"pivot":{"x":87.00000762939453,"y":10.900015830993653,"z":-24.175003051757814},"rotation":{"x":0.02092667482793331,"y":0.7908245921134949,"z":-0.027925686910748483,"w":0.6112281084060669},"size":11.239026069641114,"orthographic":false}