{"cameraMode":{"drawMode":0,"name":"Shaded","section":"Shading Mode"},"sceneLighting":false,"audioPlay":false,"sceneViewState":{"m_AlwaysRefresh":true,"showFog":true,"showSkybox":false,"showFlares":true,"showImageEffects":true,"showParticleSystems":true,"showVisualEffectGraphs":true,"m_FxEnabled":true},"in2DMode":false,"pivot":{"x":0.11501941084861756,"y":0.30575433373451235,"z":0.01075214147567749},"rotation":{"x":0.005948196165263653,"y":0.9351329207420349,"z":-0.015721438452601434,"w":0.35391050577163699},"size":1.704271912574768,"orthographic":false}