{"cameraMode":{"drawMode":0,"name":"Shaded","section":"Shading Mode"},"sceneLighting":false,"audioPlay":false,"sceneViewState":{"m_AlwaysRefresh":true,"showFog":true,"showSkybox":false,"showFlares":true,"showImageEffects":true,"showParticleSystems":true,"showVisualEffectGraphs":true,"m_FxEnabled":true},"in2DMode":false,"pivot":{"x":-1.078834056854248,"y":0.15655313432216645,"z":-1.1047160625457764},"rotation":{"x":-0.07603824883699417,"y":0.6384286284446716,"z":-0.06362030655145645,"w":-0.7632257342338562},"size":2.0826475620269777,"orthographic":false}