{"cameraMode":{"drawMode":0,"name":"Shaded","section":"Shading Mode"},"sceneLighting":false,"audioPlay":false,"sceneViewState":{"m_AlwaysRefresh":true,"showFog":true,"showSkybox":false,"showFlares":true,"showImageEffects":true,"showParticleSystems":true,"showVisualEffectGraphs":true,"m_FxEnabled":true},"in2DMode":false,"pivot":{"x":-0.8274374008178711,"y":0.16473029553890229,"z":-1.6027494668960572},"rotation":{"x":-0.11482227593660355,"y":0.6432792544364929,"z":-0.0984131246805191,"w":-0.7505374550819397},"size":1.9110126495361329,"orthographic":false}