{"cameraMode":{"drawMode":0,"name":"Shaded","section":"Shading Mode"},"sceneLighting":true,"audioPlay":false,"sceneViewState":{"m_AlwaysRefresh":true,"showFog":true,"showSkybox":true,"showFlares":true,"showImageEffects":true,"showParticleSystems":true,"showVisualEffectGraphs":true,"m_FxEnabled":true},"in2DMode":false,"pivot":{"x":29.520305633544923,"y":52.85438919067383,"z":-101.06957244873047},"rotation":{"x":-0.16745401918888093,"y":-0.041376352310180667,"z":0.007949654012918473,"w":-0.9852108955383301},"size":0.36209046840667727,"orthographic":false}