{"cameraMode":{"drawMode":0,"name":"Shaded","section":"Shading Mode"},"sceneLighting":true,"audioPlay":false,"sceneViewState":{"m_AlwaysRefresh":true,"showFog":true,"showSkybox":true,"showFlares":true,"showImageEffects":true,"showParticleSystems":true,"showVisualEffectGraphs":true,"m_FxEnabled":true},"in2DMode":false,"pivot":{"x":806.425537109375,"y":364.3601379394531,"z":-0.77105712890625},"rotation":{"x":0.00569035904482007,"y":-0.002403486054390669,"z":-0.000013728335034102201,"w":-0.9999837875366211},"size":316.87274169921877,"orthographic":false}