{"cameraMode":{"drawMode":0,"name":"Shaded","section":"Shading Mode"},"sceneLighting":true,"audioPlay":false,"sceneViewState":{"m_AlwaysRefresh":true,"showFog":true,"showSkybox":true,"showFlares":true,"showImageEffects":true,"showParticleSystems":true,"showVisualEffectGraphs":true,"m_FxEnabled":true},"in2DMode":false,"pivot":{"x":1.9954304695129395,"y":-14.047164916992188,"z":-3.142529010772705},"rotation":{"x":0.00842855591326952,"y":-0.9918161034584045,"z":0.08838185667991638,"w":0.0917896032333374},"size":7.830779552459717,"orthographic":false}