{"cameraMode":{"drawMode":0,"name":"Shaded","section":"Shading Mode"},"sceneLighting":true,"audioPlay":false,"sceneViewState":{"m_AlwaysRefresh":true,"showFog":true,"showSkybox":true,"showFlares":true,"showImageEffects":true,"showParticleSystems":true,"showVisualEffectGraphs":true,"m_FxEnabled":true},"in2DMode":false,"pivot":{"x":26.966012954711915,"y":6.900026321411133,"z":-34.70217514038086},"rotation":{"x":-0.18974602222442628,"y":-0.023748409003019334,"z":0.006222655065357685,"w":-0.982047975063324},"size":10.900818824768067,"orthographic":false}