{"cameraMode":{"drawMode":0,"name":"Shaded","section":"Shading Mode"},"sceneLighting":true,"audioPlay":false,"sceneViewState":{"m_AlwaysRefresh":true,"showFog":true,"showSkybox":true,"showFlares":true,"showImageEffects":true,"showParticleSystems":true,"showVisualEffectGraphs":true,"m_FxEnabled":true},"in2DMode":false,"pivot":{"x":-24.738544464111329,"y":-12.44106674194336,"z":71.88314056396485},"rotation":{"x":0.06372120976448059,"y":-0.3399628698825836,"z":0.02305464632809162,"w":0.9380844831466675},"size":45.972686767578128,"orthographic":false}