{"cameraMode":{"drawMode":0,"name":"Shaded","section":"Shading Mode"},"sceneLighting":true,"audioPlay":false,"sceneViewState":{"m_AlwaysRefresh":true,"showFog":true,"showSkybox":true,"showFlares":true,"showImageEffects":true,"showParticleSystems":true,"showVisualEffectGraphs":true,"m_FxEnabled":true},"in2DMode":false,"pivot":{"x":-1.1063129901885987,"y":-0.13923346996307374,"z":0.22939157485961915},"rotation":{"x":-0.09019684791564942,"y":0.6747173070907593,"z":-0.08362368494272232,"w":-0.7277581691741943},"size":6.401265621185303,"orthographic":false}