{"cameraMode":{"drawMode":0,"name":"Shaded","section":"Shading Mode"},"sceneLighting":true,"audioPlay":false,"sceneViewState":{"m_AlwaysRefresh":true,"showFog":true,"showSkybox":true,"showFlares":true,"showImageEffects":true,"showParticleSystems":true,"showVisualEffectGraphs":true,"m_FxEnabled":true},"in2DMode":false,"pivot":{"x":-2.819455146789551,"y":50.10352325439453,"z":-184.60940551757813},"rotation":{"x":0.019235102459788324,"y":0.9073352813720703,"z":-0.042762186378240588,"w":0.4181221127510071},"size":18.856884002685548,"orthographic":false}