{"cameraMode":{"drawMode":0,"name":"Shaded","section":"Shading Mode"},"sceneLighting":true,"audioPlay":false,"sceneViewState":{"m_AlwaysRefresh":true,"showFog":true,"showSkybox":true,"showFlares":true,"showImageEffects":true,"showParticleSystems":true,"showVisualEffectGraphs":true,"m_FxEnabled":true},"in2DMode":false,"pivot":{"x":25.525007247924806,"y":4.557793617248535,"z":-98.07809448242188},"rotation":{"x":-0.0008610066724941134,"y":0.9881218075752258,"z":-0.15580932796001435,"w":-0.002542643342167139},"size":40.82982635498047,"orthographic":false}