{"cameraMode":{"drawMode":0,"name":"Shaded","section":"Shading Mode"},"sceneLighting":true,"audioPlay":false,"sceneViewState":{"m_AlwaysRefresh":true,"showFog":true,"showSkybox":true,"showFlares":true,"showImageEffects":true,"showParticleSystems":true,"showVisualEffectGraphs":true,"m_FxEnabled":true},"in2DMode":false,"pivot":{"x":-1.1063129901885987,"y":-0.13923346996307374,"z":0.22939157485961915},"rotation":{"x":-0.050171103328466418,"y":0.6310343742370606,"z":-0.04095463827252388,"w":-0.7730493545532227},"size":7.901268005371094,"orthographic":false}