{"cameraMode":{"drawMode":0,"name":"Shaded","section":"Shading Mode"},"sceneLighting":true,"audioPlay":false,"sceneViewState":{"m_AlwaysRefresh":true,"showFog":true,"showSkybox":true,"showFlares":true,"showImageEffects":true,"showParticleSystems":true,"showVisualEffectGraphs":true,"m_FxEnabled":true},"in2DMode":false,"pivot":{"x":-6.373591899871826,"y":0.1938941478729248,"z":17.83689308166504},"rotation":{"x":0.001591703505255282,"y":-0.9818332195281982,"z":0.007646571379154921,"w":0.18997584283351899},"size":6.047502517700195,"orthographic":false}