{"cameraMode":{"drawMode":0,"name":"Shaded","section":"Shading Mode"},"sceneLighting":true,"audioPlay":false,"sceneViewState":{"m_AlwaysRefresh":true,"showFog":true,"showSkybox":true,"showFlares":true,"showImageEffects":true,"showParticleSystems":true,"showVisualEffectGraphs":true,"m_FxEnabled":true},"in2DMode":false,"pivot":{"x":4.596219062805176,"y":5.350994110107422,"z":22.66649055480957},"rotation":{"x":0.007705308962613344,"y":-0.17576982080936433,"z":0.0012792361667379737,"w":0.9844840168952942},"size":16.61942481994629,"orthographic":false}