{"cameraMode":{"drawMode":0,"name":"Shaded","section":"Shading Mode"},"sceneLighting":true,"audioPlay":false,"sceneViewState":{"m_AlwaysRefresh":true,"showFog":true,"showSkybox":true,"showFlares":true,"showImageEffects":true,"showParticleSystems":true,"showVisualEffectGraphs":true,"m_FxEnabled":true},"in2DMode":false,"pivot":{"x":-6.311135768890381,"y":-10.201251983642579,"z":8.88453483581543},"rotation":{"x":0.2248881459236145,"y":-0.0026350084226578476,"z":0.0004895582678727806,"w":0.9744657874107361},"size":32.33757019042969,"orthographic":false}