{"cameraMode":{"drawMode":0,"name":"Shaded","section":"Shading Mode"},"sceneLighting":true,"audioPlay":false,"sceneViewState":{"m_AlwaysRefresh":true,"showFog":true,"showSkybox":true,"showFlares":true,"showImageEffects":true,"showParticleSystems":true,"showVisualEffectGraphs":true,"m_FxEnabled":true},"in2DMode":false,"pivot":{"x":15.938663482666016,"y":-14.371262550354004,"z":-19.33548927307129},"rotation":{"x":-0.02307455986738205,"y":0.3145691752433777,"z":-0.007642494514584541,"w":-0.9489370584487915},"size":10.76879596710205,"orthographic":false}