{"cameraMode":{"drawMode":0,"name":"Shaded","section":"Shading Mode"},"sceneLighting":true,"audioPlay":false,"sceneViewState":{"m_AlwaysRefresh":true,"showFog":true,"showSkybox":true,"showFlares":true,"showImageEffects":true,"showParticleSystems":true,"showVisualEffectGraphs":true,"m_FxEnabled":true},"in2DMode":false,"pivot":{"x":26.792720794677736,"y":12.510028839111329,"z":-52.24354553222656},"rotation":{"x":-0.15812760591506959,"y":-0.28699302673339846,"z":-0.048482656478881839,"w":0.9438709616661072},"size":1.1125340461730958,"orthographic":false}