{"cameraMode":{"drawMode":0,"name":"Shaded","section":"Shading Mode"},"sceneLighting":true,"audioPlay":false,"sceneViewState":{"m_AlwaysRefresh":true,"showFog":true,"showSkybox":true,"showFlares":true,"showImageEffects":true,"showParticleSystems":true,"showVisualEffectGraphs":true,"m_FxEnabled":true},"in2DMode":false,"pivot":{"x":37.22270965576172,"y":-2.9665937423706056,"z":30.105955123901368},"rotation":{"x":-0.21141692996025086,"y":0.07463007420301438,"z":-0.014330082572996617,"w":-0.9749663472175598},"size":10.900818824768067,"orthographic":false}