{"cameraMode":{"drawMode":0,"name":"Shaded","section":"Shading Mode"},"sceneLighting":true,"audioPlay":false,"sceneViewState":{"m_AlwaysRefresh":true,"showFog":true,"showSkybox":true,"showFlares":true,"showImageEffects":true,"showParticleSystems":true,"showVisualEffectGraphs":true,"m_FxEnabled":true},"in2DMode":false,"pivot":{"x":8.34925365447998,"y":0.2634250521659851,"z":22.599660873413087},"rotation":{"x":0.11740166693925858,"y":-0.0610341802239418,"z":0.007228441536426544,"w":0.9911733865737915},"size":3.8888332843780519,"orthographic":false}