{"cameraMode":{"drawMode":0,"name":"Shaded","section":"Shading Mode"},"sceneLighting":true,"audioPlay":false,"sceneViewState":{"m_AlwaysRefresh":true,"showFog":true,"showSkybox":true,"showFlares":true,"showImageEffects":true,"showParticleSystems":true,"showVisualEffectGraphs":true,"m_FxEnabled":true},"in2DMode":false,"pivot":{"x":25.803728103637697,"y":13.346148490905762,"z":-55.819847106933597},"rotation":{"x":-0.00583844305947423,"y":0.9927109479904175,"z":-0.048040617257356647,"w":-0.11327974498271942},"size":2.5293238162994386,"orthographic":false}