{"cameraMode":{"drawMode":0,"name":"Shaded","section":"Shading Mode"},"sceneLighting":true,"audioPlay":false,"sceneViewState":{"m_AlwaysRefresh":true,"showFog":true,"showSkybox":true,"showFlares":true,"showImageEffects":true,"showParticleSystems":true,"showVisualEffectGraphs":true,"m_FxEnabled":true},"in2DMode":false,"pivot":{"x":-17.85365104675293,"y":2.5136375427246095,"z":-124.5670166015625},"rotation":{"x":0.033073991537094119,"y":0.9573940634727478,"z":-0.25924569368362429,"w":0.12346851080656052},"size":10.57402229309082,"orthographic":false}