{"cameraMode":{"drawMode":0,"name":"Shaded","section":"Shading Mode"},"sceneLighting":true,"audioPlay":false,"sceneViewState":{"m_AlwaysRefresh":true,"showFog":true,"showSkybox":true,"showFlares":true,"showImageEffects":true,"showParticleSystems":true,"showVisualEffectGraphs":true,"m_FxEnabled":true},"in2DMode":false,"pivot":{"x":82.79447937011719,"y":55.34724426269531,"z":-102.21752166748047},"rotation":{"x":-0.08287481963634491,"y":-0.12146241217851639,"z":-0.010323184542357922,"w":0.9891897439956665},"size":1.491176962852478,"orthographic":false}