{"cameraMode":{"drawMode":0,"name":"Shaded","section":"Shading Mode"},"sceneLighting":true,"audioPlay":false,"sceneViewState":{"m_AlwaysRefresh":true,"showFog":true,"showSkybox":true,"showFlares":true,"showImageEffects":true,"showParticleSystems":true,"showVisualEffectGraphs":true,"m_FxEnabled":true},"in2DMode":false,"pivot":{"x":137.67391967773438,"y":88.03816223144531,"z":4.527130126953125},"rotation":{"x":-0.010879002511501313,"y":-0.02938002347946167,"z":0.0008561817230656743,"w":-0.9998441338539124},"size":136.1337127685547,"orthographic":false}