{"cameraMode":{"drawMode":0,"name":"Shaded","section":"Shading Mode"},"sceneLighting":true,"audioPlay":false,"sceneViewState":{"m_AlwaysRefresh":true,"showFog":true,"showSkybox":true,"showFlares":true,"showImageEffects":true,"showParticleSystems":true,"showVisualEffectGraphs":true,"m_FxEnabled":true},"in2DMode":false,"pivot":{"x":-21.769760131835939,"y":-15.358439445495606,"z":-14.43068790435791},"rotation":{"x":0.007411291357129812,"y":-0.3769327402114868,"z":0.002744869329035282,"w":0.9262165427207947},"size":9.54267406463623,"orthographic":false}