{"cameraMode":{"drawMode":0,"name":"Shaded","section":"Shading Mode"},"sceneLighting":true,"audioPlay":false,"sceneViewState":{"m_AlwaysRefresh":true,"showFog":true,"showSkybox":true,"showFlares":true,"showImageEffects":true,"showParticleSystems":true,"showVisualEffectGraphs":true,"m_FxEnabled":true},"in2DMode":false,"pivot":{"x":29.17280387878418,"y":14.346771240234375,"z":-55.42439651489258},"rotation":{"x":-0.01186291966587305,"y":0.9727701544761658,"z":0.049189694225788119,"w":0.22760923206806184},"size":2.6485066413879396,"orthographic":false}