{"cameraMode":{"drawMode":0,"name":"Shaded","section":"Shading Mode"},"sceneLighting":true,"audioPlay":false,"sceneViewState":{"m_AlwaysRefresh":true,"showFog":true,"showSkybox":true,"showFlares":true,"showImageEffects":true,"showParticleSystems":true,"showVisualEffectGraphs":true,"m_FxEnabled":true},"in2DMode":false,"pivot":{"x":-2.4655990600585939,"y":0.6000000238418579,"z":0.3544502258300781},"rotation":{"x":0.03785306587815285,"y":0.9619540572166443,"z":-0.18132396042346955,"w":0.2008150815963745},"size":32.80171203613281,"orthographic":false}