{"cameraMode":{"drawMode":0,"name":"Shaded","section":"Shading Mode"},"sceneLighting":false,"audioPlay":false,"sceneViewState":{"m_AlwaysRefresh":true,"showFog":true,"showSkybox":false,"showFlares":true,"showImageEffects":true,"showParticleSystems":true,"showVisualEffectGraphs":true,"m_FxEnabled":true},"in2DMode":false,"pivot":{"x":3.3221187591552736,"y":0.061910271644592288,"z":2.8911547660827638},"rotation":{"x":-0.11635424196720123,"y":-0.24424554407596589,"z":0.029806071892380716,"w":-0.9622727036476135},"size":3.219918966293335,"orthographic":false}