{"cameraMode":{"drawMode":0,"name":"Shaded","section":"Shading Mode"},"sceneLighting":false,"audioPlay":false,"sceneViewState":{"m_AlwaysRefresh":true,"showFog":true,"showSkybox":false,"showFlares":true,"showImageEffects":true,"showParticleSystems":true,"showVisualEffectGraphs":true,"m_FxEnabled":true},"in2DMode":false,"pivot":{"x":-0.004441063851118088,"y":0.00762062007561326,"z":-0.008645893074572087},"rotation":{"x":0.0009961394825950266,"y":0.9987850785255432,"z":-0.043784089386463168,"w":0.02277635782957077},"size":0.433847576379776,"orthographic":false}