{"cameraMode":{"drawMode":0,"name":"Shaded","section":"Shading Mode"},"sceneLighting":false,"audioPlay":false,"sceneViewState":{"m_AlwaysRefresh":true,"showFog":true,"showSkybox":false,"showFlares":true,"showImageEffects":true,"showParticleSystems":true,"showVisualEffectGraphs":true,"m_FxEnabled":true},"in2DMode":false,"pivot":{"x":0.06692349910736084,"y":0.024055717512965204,"z":0.04101632907986641},"rotation":{"x":0.1676691174507141,"y":-0.14727264642715455,"z":0.025340573862195016,"w":0.9744431376457214},"size":0.08337585628032685,"orthographic":false}