{"cameraMode":{"drawMode":0,"name":"Shaded","section":"Shading Mode"},"sceneLighting":false,"audioPlay":false,"sceneViewState":{"m_AlwaysRefresh":true,"showFog":true,"showSkybox":false,"showFlares":true,"showImageEffects":true,"showParticleSystems":true,"showVisualEffectGraphs":true,"m_FxEnabled":true},"in2DMode":false,"pivot":{"x":0.3299623429775238,"y":1.9976269006729127,"z":-1.5728280544281006},"rotation":{"x":0.008104429580271244,"y":0.9732335805892944,"z":0.2270459681749344,"w":-0.034760214388370517},"size":1.428486943244934,"orthographic":false}