{"cameraMode":{"drawMode":0,"name":"Shaded","section":"Shading Mode"},"sceneLighting":false,"audioPlay":false,"sceneViewState":{"m_AlwaysRefresh":true,"showFog":true,"showSkybox":false,"showFlares":true,"showImageEffects":true,"showParticleSystems":true,"showVisualEffectGraphs":true,"m_FxEnabled":true},"in2DMode":false,"pivot":{"x":2.885999917984009,"y":2.066901445388794,"z":2.8682196140289308},"rotation":{"x":0.007705308962613344,"y":-0.17576982080936433,"z":0.0012792361667379737,"w":0.9844840168952942},"size":1.0510309934616089,"orthographic":false}