{"cameraMode":{"drawMode":0,"name":"Shaded","section":"Shading Mode"},"sceneLighting":false,"audioPlay":false,"sceneViewState":{"m_AlwaysRefresh":true,"showFog":true,"showSkybox":false,"showFlares":true,"showImageEffects":true,"showParticleSystems":true,"showVisualEffectGraphs":true,"m_FxEnabled":true},"in2DMode":false,"pivot":{"x":0.5025784969329834,"y":0.9320647716522217,"z":0.5033387541770935},"rotation":{"x":0.14947819709777833,"y":0.6911277770996094,"z":-0.14947713911533357,"w":0.6911267638206482},"size":1.321077585220337,"orthographic":false}