{"cameraMode":{"drawMode":0,"name":"Shaded","section":"Shading Mode"},"sceneLighting":false,"audioPlay":false,"sceneViewState":{"m_AlwaysRefresh":true,"showFog":true,"showSkybox":false,"showFlares":true,"showImageEffects":true,"showParticleSystems":true,"showVisualEffectGraphs":true,"m_FxEnabled":true},"in2DMode":false,"pivot":{"x":0.5025784969329834,"y":0.9320647716522217,"z":0.5033387541770935},"rotation":{"x":-0.007812518626451493,"y":0.6678802967071533,"z":0.007014619652181864,"w":0.7442058324813843},"size":1.9861210584640504,"orthographic":false}