{"cameraMode":{"drawMode":0,"name":"Shaded","section":"Shading Mode"},"sceneLighting":false,"audioPlay":false,"sceneViewState":{"m_AlwaysRefresh":true,"showFog":true,"showSkybox":false,"showFlares":true,"showImageEffects":true,"showParticleSystems":true,"showVisualEffectGraphs":true,"m_FxEnabled":true},"in2DMode":false,"pivot":{"x":0.5025784969329834,"y":0.9320647716522217,"z":0.5033387541770935},"rotation":{"x":0.08079858869314194,"y":0.6898785829544067,"z":-0.07793987542390824,"w":0.7151712775230408},"size":1.3966108560562134,"orthographic":false}