{"cameraMode":{"drawMode":0,"name":"Shaded","section":"Shading Mode"},"sceneLighting":false,"audioPlay":false,"sceneViewState":{"m_AlwaysRefresh":true,"showFog":true,"showSkybox":false,"showFlares":true,"showImageEffects":true,"showParticleSystems":true,"showVisualEffectGraphs":true,"m_FxEnabled":true},"in2DMode":false,"pivot":{"x":-0.03549051284790039,"y":0.49436843395233157,"z":1.3938604593276978},"rotation":{"x":-0.017317185178399087,"y":0.6382233500480652,"z":0.014362446032464505,"w":0.769522488117218},"size":1.6630735397338868,"orthographic":false}