{"cameraMode":{"drawMode":0,"name":"Shaded","section":"Shading Mode"},"sceneLighting":false,"audioPlay":false,"sceneViewState":{"m_AlwaysRefresh":true,"showFog":true,"showSkybox":false,"showFlares":true,"showImageEffects":true,"showParticleSystems":true,"showVisualEffectGraphs":true,"m_FxEnabled":true},"in2DMode":false,"pivot":{"x":0.3311346769332886,"y":-0.33001938462257388,"z":0.7596887350082398},"rotation":{"x":0.23125681281089784,"y":0.6845071315765381,"z":-0.24484074115753175,"w":0.6465618014335632},"size":2.4984946250915529,"orthographic":false}