{"cameraMode":{"drawMode":0,"name":"Shaded","section":"Shading Mode"},"sceneLighting":false,"audioPlay":false,"sceneViewState":{"m_AlwaysRefresh":true,"showFog":true,"showSkybox":false,"showFlares":true,"showImageEffects":true,"showParticleSystems":true,"showVisualEffectGraphs":true,"m_FxEnabled":true},"in2DMode":false,"pivot":{"x":-8.999990463256836,"y":1.9000139236450196,"z":-15.000005722045899},"rotation":{"x":-0.042214181274175647,"y":0.43996942043304446,"z":-0.020396018400788308,"w":-0.896808385848999},"size":7.431854248046875,"orthographic":false}