{"cameraMode":{"drawMode":0,"name":"Shaded","section":"Shading Mode"},"sceneLighting":false,"audioPlay":false,"sceneViewState":{"m_AlwaysRefresh":true,"showFog":true,"showSkybox":false,"showFlares":true,"showImageEffects":true,"showParticleSystems":true,"showVisualEffectGraphs":true,"m_FxEnabled":true},"in2DMode":false,"pivot":{"x":2.917501449584961,"y":4.003430366516113,"z":2.9050028324127199},"rotation":{"x":0.013819340616464615,"y":0.8914204239845276,"z":0.02785821445286274,"w":-0.45214733481407168},"size":6.057603359222412,"orthographic":false}