{"cameraMode":{"drawMode":0,"name":"Shaded","section":"Shading Mode"},"sceneLighting":false,"audioPlay":false,"sceneViewState":{"m_AlwaysRefresh":true,"showFog":true,"showSkybox":false,"showFlares":true,"showImageEffects":true,"showParticleSystems":true,"showVisualEffectGraphs":true,"m_FxEnabled":true},"in2DMode":false,"pivot":{"x":2.4693455696105959,"y":2.094564914703369,"z":-0.32883766293525698},"rotation":{"x":0.055428262799978259,"y":-0.786455512046814,"z":0.07115203887224198,"w":0.6111516952514648},"size":1.3577158451080323,"orthographic":false}