{"cameraMode":{"drawMode":0,"name":"Shaded","section":"Shading Mode"},"sceneLighting":false,"audioPlay":false,"sceneViewState":{"m_AlwaysRefresh":true,"showFog":true,"showSkybox":false,"showFlares":true,"showImageEffects":true,"showParticleSystems":true,"showVisualEffectGraphs":true,"m_FxEnabled":true},"in2DMode":false,"pivot":{"x":2.885999917984009,"y":2.066901445388794,"z":0.30021947622299197},"rotation":{"x":-0.014376374892890454,"y":-0.19784490764141084,"z":-0.003027809550985694,"w":0.9801998138427734},"size":1.0775755643844605,"orthographic":false}