{"cameraMode":{"drawMode":0,"name":"Shaded","section":"Shading Mode"},"sceneLighting":true,"audioPlay":false,"sceneViewState":{"m_AlwaysRefresh":true,"showFog":true,"showSkybox":false,"showFlares":true,"showImageEffects":true,"showParticleSystems":true,"showVisualEffectGraphs":true,"m_FxEnabled":true},"in2DMode":false,"pivot":{"x":-4.235591411590576,"y":-16.050125122070314,"z":-17.179258346557618},"rotation":{"x":0.0038519594818353655,"y":-0.9937225580215454,"z":0.10662495344877243,"w":0.033580802381038669},"size":4.7178955078125,"orthographic":false}