{"cameraMode":{"drawMode":0,"name":"Shaded","section":"Shading Mode"},"sceneLighting":true,"audioPlay":false,"sceneViewState":{"m_AlwaysRefresh":true,"showFog":true,"showSkybox":false,"showFlares":true,"showImageEffects":true,"showParticleSystems":true,"showVisualEffectGraphs":true,"m_FxEnabled":true},"in2DMode":false,"pivot":{"x":-7.2444915771484379,"y":-16.814483642578126,"z":-13.979345321655274},"rotation":{"x":0.08967788517475128,"y":-0.8932391405105591,"z":0.20471295714378358,"w":0.39008939266204836},"size":11.187633514404297,"orthographic":false}