{"cameraMode":{"drawMode":0,"name":"Shaded","section":"Shading Mode"},"sceneLighting":true,"audioPlay":false,"sceneViewState":{"m_AlwaysRefresh":true,"showFog":true,"showSkybox":false,"showFlares":true,"showImageEffects":true,"showParticleSystems":true,"showVisualEffectGraphs":true,"m_FxEnabled":true},"in2DMode":false,"pivot":{"x":-10.828161239624024,"y":-18.092117309570314,"z":-11.618828773498536},"rotation":{"x":0.10555354505777359,"y":-0.8710393905639648,"z":0.21341247856616975,"w":0.4296545386314392},"size":7.940202236175537,"orthographic":false}