{"cameraMode":{"drawMode":0,"name":"Shaded","section":"Shading Mode"},"sceneLighting":false,"audioPlay":false,"sceneViewState":{"m_AlwaysRefresh":true,"showFog":true,"showSkybox":false,"showFlares":true,"showImageEffects":true,"showParticleSystems":true,"showVisualEffectGraphs":true,"m_FxEnabled":true},"in2DMode":false,"pivot":{"x":-1.5290846824645997,"y":2.8267762660980226,"z":0.7742940187454224},"rotation":{"x":0.2014537751674652,"y":-0.12470464408397675,"z":0.025463378056883813,"w":0.9716015458106995},"size":2.8294219970703127,"orthographic":false}