{"cameraMode":{"drawMode":0,"name":"Shaded","section":"Shading Mode"},"sceneLighting":false,"audioPlay":false,"sceneViewState":{"m_AlwaysRefresh":true,"showFog":true,"showSkybox":false,"showFlares":true,"showImageEffects":true,"showParticleSystems":true,"showVisualEffectGraphs":true,"m_FxEnabled":true},"in2DMode":false,"pivot":{"x":0.1978808045387268,"y":0.12134937196969986,"z":-0.11471541225910187},"rotation":{"x":-0.1752367913722992,"y":-0.1683303862810135,"z":0.030421817675232889,"w":-0.9695539474487305},"size":0.5943417549133301,"orthographic":false}