{"cameraMode":{"drawMode":0,"name":"Shaded","section":"Shading Mode"},"sceneLighting":false,"audioPlay":false,"sceneViewState":{"m_AlwaysRefresh":true,"showFog":true,"showSkybox":false,"showFlares":true,"showImageEffects":true,"showParticleSystems":true,"showVisualEffectGraphs":true,"m_FxEnabled":true},"in2DMode":false,"pivot":{"x":0.1978808045387268,"y":0.12134937196969986,"z":-0.11471541225910187},"rotation":{"x":-0.1606302261352539,"y":-0.2496059089899063,"z":0.04202494025230408,"w":-0.9540084004402161},"size":0.6823797225952148,"orthographic":false}