{"cameraMode":{"drawMode":0,"name":"Shaded","section":"Shading Mode"},"sceneLighting":false,"audioPlay":false,"sceneViewState":{"m_AlwaysRefresh":true,"showFog":true,"showSkybox":false,"showFlares":true,"showImageEffects":true,"showParticleSystems":true,"showVisualEffectGraphs":true,"m_FxEnabled":true},"in2DMode":false,"pivot":{"x":-0.012278387323021889,"y":2.591912031173706,"z":2.8111987113952638},"rotation":{"x":-0.0077712819911539558,"y":0.58702552318573,"z":-0.005294331815093756,"w":-0.8095349669456482},"size":4.633388042449951,"orthographic":false}