{"cameraMode":{"drawMode":0,"name":"Shaded","section":"Shading Mode"},"sceneLighting":false,"audioPlay":false,"sceneViewState":{"m_AlwaysRefresh":true,"showFog":true,"showSkybox":false,"showFlares":true,"showImageEffects":true,"showParticleSystems":true,"showVisualEffectGraphs":true,"m_FxEnabled":true},"in2DMode":false,"pivot":{"x":-0.8991304636001587,"y":0.0853952094912529,"z":-1.5300488471984864},"rotation":{"x":-0.05628783628344536,"y":0.9411901235580444,"z":-0.2684115469455719,"w":-0.19736193120479585},"size":1.7479608058929444,"orthographic":false}