{"cameraMode":{"drawMode":0,"name":"Shaded","section":"Shading Mode"},"sceneLighting":false,"audioPlay":false,"sceneViewState":{"m_AlwaysRefresh":true,"showFog":true,"showSkybox":false,"showFlares":true,"showImageEffects":true,"showParticleSystems":true,"showVisualEffectGraphs":true,"m_FxEnabled":true},"in2DMode":false,"pivot":{"x":65.0489501953125,"y":10.481130599975586,"z":22.260082244873048},"rotation":{"x":-0.07622449100017548,"y":0.13074088096618653,"z":-0.009617569856345654,"w":-0.9885228872299194},"size":10.564581871032715,"orthographic":false}